"label","fn","version","hash"
"raw-data",NA,"v1.0.1",NA
"raw-data-mtbvac050",NA,"v1.0.1",NA
"docs","Simulation_files/libs/bootstrap/bootstrap-e79991fd4ae3ad64816a2dc6816f572a.min.css","v1.0.1","e79991fd4ae3ad64816a2dc6816f572a"
"docs","Simulation_files/libs/bootstrap/bootstrap-icons.css","v1.0.1","2318f137d201fbf51601fa0faba6bef7"
"docs","Simulation_files/libs/bootstrap/bootstrap-icons.woff","v1.0.1","1a51dfbe5467607389d603c02a77cd10"
"docs","Simulation_files/libs/bootstrap/bootstrap.min.js","v1.0.1","e2b09c06f0e714b6144a6788a28e3950"
"docs","Simulation_files/libs/clipboard/clipboard.min.js","v1.0.1","15f52a1ee547f2bdd46e56747332ca2d"
"docs","Simulation_files/libs/quarto-html/anchor.min.js","v1.0.1","91bcf6cd1fd88fec3f109811e5fc3546"
"docs","Simulation_files/libs/quarto-html/popper.min.js","v1.0.1","3a4a291ccf3f1ea0f82b641542fd3827"
"docs","Simulation_files/libs/quarto-html/quarto-syntax-highlighting-e1a5c8363afafaef2c763b6775fbf3ca.css","v1.0.1","e1a5c8363afafaef2c763b6775fbf3ca"
"docs","Simulation_files/libs/quarto-html/quarto.js","v1.0.1","6f4245742deb3cc92337dbe2701ccfe1"
"docs","Simulation_files/libs/quarto-html/tabsets/tabsets.js","v1.0.1","e8d6a8862b33ccc461f8fd532e05b365"
"docs","Simulation_files/libs/quarto-html/tippy.css","v1.0.1","ebd6f8ce46a677e1a4f5f8a8317109a9"
"docs","Simulation_files/libs/quarto-html/tippy.umd.min.js","v1.0.1","d828775275749701b48bd9d958814111"
"docs","Simulation.html","v1.0.1","a11ebf5f4bea3cafcd7300850d112a8b"
"output","","v1.0.1",""
"raw-data",NA,"v1.0.0",NA
"raw-data-mtbvac050",NA,"v1.0.0",NA
"docs","Simulation_files/libs/bootstrap/bootstrap-e79991fd4ae3ad64816a2dc6816f572a.min.css","v1.0.0","e79991fd4ae3ad64816a2dc6816f572a"
"docs","Simulation_files/libs/bootstrap/bootstrap-icons.css","v1.0.0","2318f137d201fbf51601fa0faba6bef7"
"docs","Simulation_files/libs/bootstrap/bootstrap-icons.woff","v1.0.0","1a51dfbe5467607389d603c02a77cd10"
"docs","Simulation_files/libs/bootstrap/bootstrap.min.js","v1.0.0","e2b09c06f0e714b6144a6788a28e3950"
"docs","Simulation_files/libs/clipboard/clipboard.min.js","v1.0.0","15f52a1ee547f2bdd46e56747332ca2d"
"docs","Simulation_files/libs/quarto-html/anchor.min.js","v1.0.0","91bcf6cd1fd88fec3f109811e5fc3546"
"docs","Simulation_files/libs/quarto-html/popper.min.js","v1.0.0","3a4a291ccf3f1ea0f82b641542fd3827"
"docs","Simulation_files/libs/quarto-html/quarto-syntax-highlighting-e1a5c8363afafaef2c763b6775fbf3ca.css","v1.0.0","e1a5c8363afafaef2c763b6775fbf3ca"
"docs","Simulation_files/libs/quarto-html/quarto.js","v1.0.0","6f4245742deb3cc92337dbe2701ccfe1"
"docs","Simulation_files/libs/quarto-html/tabsets/tabsets.js","v1.0.0","e8d6a8862b33ccc461f8fd532e05b365"
"docs","Simulation_files/libs/quarto-html/tippy.css","v1.0.0","ebd6f8ce46a677e1a4f5f8a8317109a9"
"docs","Simulation_files/libs/quarto-html/tippy.umd.min.js","v1.0.0","d828775275749701b48bd9d958814111"
"docs","Simulation.html","v1.0.0","a11ebf5f4bea3cafcd7300850d112a8b"
"output","","v1.0.0",""
